{
  "best_metric": null,
  "best_model_checkpoint": null,
  "epoch": 1.0,
  "eval_steps": 100,
  "global_step": 90,
  "is_hyper_param_search": false,
  "is_local_process_zero": true,
  "is_world_process_zero": true,
  "log_history": [
    {
      "epoch": 0.2222222222222222,
      "grad_norm": 1.5586918592453003,
      "learning_rate": 0.00015555555555555556,
      "loss": 5.6528,
      "step": 20
    },
    {
      "epoch": 0.4444444444444444,
      "grad_norm": 1.2781041860580444,
      "learning_rate": 0.00011111111111111112,
      "loss": 4.8022,
      "step": 40
    },
    {
      "epoch": 0.6666666666666666,
      "grad_norm": 0.717430055141449,
      "learning_rate": 6.666666666666667e-05,
      "loss": 4.4885,
      "step": 60
    },
    {
      "epoch": 0.8888888888888888,
      "grad_norm": 0.9218728542327881,
      "learning_rate": 2.2222222222222223e-05,
      "loss": 4.3476,
      "step": 80
    }
  ],
  "logging_steps": 20,
  "max_steps": 90,
  "num_input_tokens_seen": 0,
  "num_train_epochs": 1,
  "save_steps": 100,
  "stateful_callbacks": {
    "TrainerControl": {
      "args": {
        "should_epoch_stop": false,
        "should_evaluate": false,
        "should_log": false,
        "should_save": true,
        "should_training_stop": true
      },
      "attributes": {}
    }
  },
  "total_flos": 20833608529920.0,
  "train_batch_size": 2,
  "trial_name": null,
  "trial_params": null
}
